实验,相对L2误差(%),RMSE,最大绝对误差,物理残差MSE
A=0 基础验证,0.168173,6.023498e-04,1.149317e-03,6.258123e-05
