case_name,lambda_label,zeta_label,A_label,zeta,omega0,A,Omega,x0,v0,T,dt,B_steady,B_over_x0,lambda_phys,n_data,n_phys,epochs,lr,relative_l2,rmse,max_abs_error,physics_mse,experiment_group
G4_A01,,,A01,0.1,2.0,0.0,1.0,1.0,0.0,10.0,0.01,0.0,0.0,0.007847599703514606,25,400,20000,0.0001,0.08450716738320399,0.030268132515458245,0.09589919278957011,0.03273647278547287,group4_A_sweep
G4_A02,,,A02,0.1,2.0,0.5,1.0,1.0,0.0,10.0,0.01,0.16520465011377244,0.16520465011360722,0.007847599703514606,25,400,20000,0.0001,0.10622033725743453,0.034579454339820244,0.09419943592359273,0.020060162991285324,group4_A_sweep
G4_A03,,,A03,0.1,2.0,1.0,1.0,1.0,0.0,10.0,0.01,0.3304093002275449,0.33040930022721443,0.007847599703514606,25,400,20000,0.0001,0.01859863689845531,0.006387280893099323,0.019660058355283172,0.0025928246323019266,group4_A_sweep
G4_A04,,,A04,0.1,2.0,1.5,1.0,1.0,0.0,10.0,0.01,0.49561395034131733,0.4956139503408217,0.007847599703514606,25,400,20000,0.0001,0.008676193237335835,0.003515482891402247,0.010880044440267966,0.0023213066160678864,group4_A_sweep
G4_A05,,,A05,0.1,2.0,2.0,1.0,1.0,0.0,10.0,0.01,0.6608186004550898,0.6608186004544289,0.007847599703514606,25,400,20000,0.0001,0.005793213091575641,0.002865634548271348,0.010410829788495723,0.002548523712903261,group4_A_sweep
G4_A06,,,A06,0.1,2.0,2.5,1.0,1.0,0.0,10.0,0.01,0.8260232505688623,0.8260232505680362,0.007847599703514606,25,400,20000,0.0001,0.003924297460927208,0.0023528092963675737,0.006198081364379715,0.0017356255557388067,group4_A_sweep
G4_A07,,,A07,0.1,2.0,3.0,1.0,1.0,0.0,10.0,0.01,0.9912279006826347,0.9912279006816433,0.007847599703514606,25,400,20000,0.0001,0.0015162052332718511,0.0010812014333085765,0.003119270650671191,0.0005850135930813849,group4_A_sweep
